{
  "version": 2,
  "framework": null,
  "functions": {
    "api/index.php": {
      "runtime": "vercel-php@0.7.1"
    }
  },
  "routes": [
    {
      "src": "/(css|js|images)/(.*)",
      "dest": "public/$1/$2"
    },
    {
      "src": "/(.*)",
      "dest": "/api/index.php"
    }
  ],
  "env": {
    "APP_ENV": "production",
    "APP_DEBUG": "false",
    "APP_URL": "https://island-tours.vercel.app",
    "APP_CONFIG_CACHE": "/tmp/config.php",
    "APP_EVENTS_CACHE": "/tmp/events.php",
    "APP_PACKAGES_CACHE": "/tmp/packages.php",
    "APP_ROUTES_CACHE": "/tmp/routes.php",
    "APP_SERVICES_CACHE": "/tmp/services.php",
    "VIEW_COMPILED_PATH": "/tmp",
    "CACHE_DRIVER": "array",
    "LOG_CHANNEL": "stderr",
    "SESSION_DRIVER": "array"
  }
}
